<?xml version="1.0" encoding="UTF-8"?>
<project-private xmlns="http://www.netbeans.org/ns/project-private/1">
    <editor-bookmarks xmlns="http://www.netbeans.org/ns/editor-bookmarks/1"/>
    <editor-bookmarks xmlns="http://www.netbeans.org/ns/editor-bookmarks/2" lastBookmarkId="0"/>
    <open-files xmlns="http://www.netbeans.org/ns/projectui-open-files/2">
        <group>
            <file>file:/C:/Users/Rodrigo/Desktop/SCAWEB1/web/curso.xhtml</file>
            <file>file:/C:/Users/Rodrigo/Desktop/SCAWEB1/web/email.xhtml</file>
            <file>file:/C:/Users/Rodrigo/Desktop/SCAWEB1/src/java/br/sca/beans/CursoBean.java</file>
        </group>
    </open-files>
</project-private>
