<?xml version="1.0" encoding="UTF-8"?>
<!DOCTYPE hibernate-configuration PUBLIC "-//Hibernate/Hibernate Configuration DTD 3.0//EN" "http://hibernate.sourceforge.net/hibernate-configuration-3.0.dtd">
<hibernate-configuration>
  <session-factory>
    <property name="hibernate.c3pO.min_size">5</property>
    <property name="hibernate.c3pO.max_size">20</property>
    <property name="hibernate.c3pO.timeout">180</property>
    <property name="hibernate.c3pO.idle_test_period">100</property>
    <property name="hibernate.connection.url">jdbc:postgresql://localhost:5432/SCAWEB</property>
    <property name="hibernate.connection.driver_class">org.postgresql.Driver</property>
    <property name="hibernate.dialect">org.hibernate.dialect.PostgreSQLDialect</property>
    <property name="hibernate.connection.username">aluno</property>
    <property name="hibernate.connection.password">123456</property>
    <!--<property name="hibernate.connection.url">jdbc:postgresql://localhost:5432/paulomsf_SCAH</property>
	    <property name="hibernate.connection.driver_class">org.postgresql.Driver</property>
	    <property name="hibernate.dialect">org.hibernate.dialect.PostgreSQLDialect</property>
	    <property name="hibernate.connection.username">paulomsf</property>
	    <property name="hibernate.connection.password">p@fr#19eL</property>-->
    <property name="hibernate.show_sql">true</property>
    <property name="hibernate.format_sql">true</property>
    <mapping class="br.sca.model.Curso"/>
    <mapping class="br.sca.model.Pessoa"/>
    <mapping class="br.sca.model.Aluno"/>
    <mapping class="br.sca.model.Professor"/>
    <mapping class="br.sca.model.Disciplina"/>
    <mapping class="br.sca.model.Turma"/>
    <mapping class="br.sca.model.Avaliacao"/>
    <mapping class="br.sca.model.Usuario"/>
  </session-factory>
</hibernate-configuration>
